cluster,text,frequency
0,laser,43
0,green,21
0,approach,18
0,crew,14
0,targeted,13
0,first,13
0,captain,13
0,carrier,12
0,pilot,12
0,officer,11
0,air,10
0,reports,8
0,illuminated,8
0,event,7
0,runway,7
0,final,6
0,eye,5
0,ft,5
0,cockpit,5
0,resulting,4
1,windshield,50
1,crew,34
1,window,32
1,first,23
1,shattered,22
1,captain's,22
1,cracked,21
1,captain,21
1,diverted,20
1,emergency,18
1,suitable,18
1,officer,16
1,outer,15
1,cockpit,15
1,declared,13
1,pane,11
1,nearest,11
1,pilot,11
1,qrh,10
1,airport,10
2,drone,103
2,approach,35
2,feet,33
2,pilot,30
2,captain,27
2,nmac,26
2,sighting,20
2,encountering,20
2,near,18
2,crew,17
2,runway,17
2,officer,16
2,reports,15
2,carrier,15
2,first,14
2,evasive,12
2,final,12
2,instructor,10
2,conflict,8
2,airport,8
3,crew,505
3,attendant,353
3,smoke,338
3,captain,307
3,odor,289
3,cabin,278
3,fumes,244
3,departure,167
3,attendants,160
3,first,143
3,officer,131
3,event,131
3,smell,129
3,strong,128
3,fume,128
3,passenger,121
3,burning,121
3,emergency,120
3,return,120
3,airport,108
4,crew,39
4,captain,25
4,deicing,18
4,deice,17
4,type,12
4,de-ice,11
4,ice,10
4,fluid,9
4,carrier,8
4,takeoff,8
4,reports,7
4,first,7
4,wing,6
4,ground,6
4,procedures,5
4,gate,5
4,properly,5
4,deiced,5
4,snow,5
4,procedure,5
5,icing,106
5,ice,49
5,pilot,44
5,conditions,41
5,crew,34
5,anti-ice,26
5,captain,23
5,descent,20
5,altitude,19
5,engine,19
5,airport,17
5,approach,17
5,due,16
5,emergency,16
5,ft,13
5,atc,12
5,encountering,12
5,system,12
5,unable,11
5,conditions;,11
6,gps,15
6,pilot,9
6,failure,5
6,flying,4
6,system,4
6,airspace,3
6,due,3
6,sfz.,2
6,experienced,2
6,atc,2
6,crew,2
6,captain,2
6,wide,2
6,pilots,2
6,single,1
6,engine,1
6,cessna,1
6,experiences,1
6,circling,1
6,minutes,1
7,gps,26
7,signal,25
7,loss,21
7,pilot,13
7,reports,8
7,captain,7
7,landing,5
7,three,5
7,helicopter,4
7,pad.,4
7,occurring,4
7,sporadically,4
7,last,4
7,months,4
7,previous,4
7,problems,4
7,near,4
7,area,4
7,carrier,4
7,two,3
8,gps,50
8,jamming,37
8,captain,30
8,carrier,19
8,experiencing,17
8,possible,9
8,pilot,9
8,loss,7
8,event,5
8,ads-b,5
8,suspected,5
8,flying,5
8,due,4
8,multiple,4
8,jamming.air,4
8,near,3
8,signal,3
8,jamming.b777,3
8,approach,3
8,iraqi,3
9,captain,95
9,carrier,69
9,fatigue,66
9,crew,62
9,first,57
9,officer,56
9,due,48
9,duty,42
9,day,41
9,scheduling,40
9,fatigued,35
9,air,32
9,pilot,32
9,time,31
9,rest,30
9,company,29
9,far,28
9,attendant,25
9,trip,16
9,night,16
10,lithium,73
10,ion,54
10,battery,51
10,captain,38
10,cargo,37
10,batteries,36
10,bag,31
10,hazmat,24
10,powered,24
10,passenger,20
10,agent,18
10,crew,18
10,transported,17
10,personnel,16
10,regarding,16
10,ramp,15
10,checked,14
10,officer,13
10,loaded,12
10,wheelchair,11
11,weight,101
11,crew,62
11,balance,58
11,captain,50
11,takeoff,36
11,load,29
11,cargo,24
11,incorrect,22
11,fuel,19
11,pounds,18
11,performance,16
11,data,16
11,error,15
11,first,13
11,weights,13
11,loaded,13
11,officer,12
11,carrier,12
11,dispatch,11
11,reports,10
12,hazmat,217
12,cargo,143
12,crew,112
12,personnel,100
12,captain,93
12,dangerous,87
12,goods,81
12,ground,74
12,load,66
12,ramp,63
12,carrier,55
12,regarding,48
12,required,46
12,loaded,42
12,breakdown,40
12,due,39
12,loading,38
12,without,36
12,incorrectly,34
12,gate,32
13,delayed,12
13,without,11
13,operations,7
13,loop,6
13,dispatch,5
13,contacting,3
13,notified.dispatcher,3
13,dispatcher,2
13,delay.dispatcher,2
13,delay,2
13,dispatch.dispatcher,2
13,dispatch.crew,2
13,local,2
13,advised,2
13,dispatcher.dispatcher,2
13,station,2
13,completely,1
13,lengthy,1
13,long,1
13,caused,1
14,controller,16
14,altitude,11
14,tracon,10
14,climb,6
14,air,5
14,carrier,5
14,via,5
14,sid,5
14,departure,4
14,low,4
14,crew,3
14,procedures,3
14,3;000,3
14,foot,3
14,issued,3
14,feet,3
14,clearance,3
14,higher,3
14,pilot,3
14,knik2,3
15,crew,70
15,windshear,67
15,approach,49
15,wind,47
15,captain,40
15,warning,25
15,shear,25
15,landing,24
15,first,21
15,due,21
15,officer,20
15,takeoff,18
15,final,18
15,go-around,17
15,runway,17
15,go,17
15,winds,16
15,severe,16
15,receiving,15
15,around,15
16,wake,68
16,vortex,62
16,encounter,47
16,captain,34
16,trail,26
16,resulted,20
16,approach,20
16,first,16
16,officer,16
16,crew,12
16,encountering,11
16,behind,10
16,degree,9
16,roll,9
16,departure,8
16,arrival,7
16,b737,7
16,departing,7
16,caused,6
16,deviation,6
17,turbulence,67
17,attendant,47
17,injuries,27
17,severe,26
17,crew,25
17,attendants,25
17,captain,22
17,encounter,21
17,wake,19
17,resulted,19
17,injured,16
17,minor,15
17,injury,15
17,encountered,15
17,carrier,14
17,two,10
17,cruise,10
17,encountering,9
17,moderate,9
17,descent,6
18,turbulence,89
18,severe,79
18,crew,48
18,encountering,31
18,loss,31
18,captain,30
18,control,25
18,altitude,23
18,pilot,21
18,encountered,18
18,encounter,14
18,resulted,13
18,moderate,12
18,momentary,10
18,wake,9
18,injuries,9
18,carrier,9
18,causing,9
18,air,8
18,assigned,8
19,wake,26
19,turbulence,25
19,encountering,14
19,crew,11
19,trail,8
19,preceding,7
19,takeoff,6
19,arrival,6
19,heavy,5
19,captain,5
19,first,4
19,officer,4
19,shortly,4
19,resulted,4
19,deviation,4
19,encountered,4
19,pilot,3
19,approach,3
19,descending,3
19,behind,3
20,wake,160
20,turbulence,155
20,encountering,125
20,trail,112
20,captain,94
20,approach,53
20,miles,37
20,arrival,34
20,officer,33
20,first,32
20,resulted,20
20,departing,16
20,encounter,15
20,b777,15
20,crew,13
20,takeoff,11
20,atl,11
20,b737,11
20,b757,9
20,degree,9
21,flaps,315
21,flap,297
21,crew,209
21,landing,111
21,captain,109
21,approach,78
21,edge,73
21,emergency,70
21,first,66
21,officer,63
21,eicas,62
21,qrh,59
21,declared,58
21,trailing,49
21,takeoff,47
21,landed,43
21,message,43
21,disagree,43
21,slat,37
21,approach.,36
22,operator,12
22,airspace,9
22,class,8
22,uav,7
22,pilot,6
22,without,4
22,far,3
22,operating,3
22,entering,3
22,c,3
22,violation,3
22,captain,2
22,feet,2
22,encounter,2
22,exceeding,2
22,107,2
22,altitude,2
22,authorization,2
22,inadvertently,2
22,failure,2
23,nmac,23
23,uav,17
23,captain,15
23,approach,7
23,pilot,6
23,final,5
23,carrier,4
23,approach.b737-700,2
23,first,2
23,officer,2
23,pa-28,1
23,reports,1
23,3;800,1
23,feet,1
23,approximately,1
23,8,1
23,nm,1
23,east,1
23,ffz.air,1
23,ny,1
24,uav,33
24,captain,18
24,feet,17
24,runway,16
24,carrier,15
24,near,14
24,approach,12
24,final,11
24,first,10
24,officer,10
24,miss,8
24,sighting,7
24,uas,7
24,pilot,7
24,crew,7
24,airborne,6
24,conflict,6
24,air,5
24,approximately,5
24,flying,5
25,ipad,45
25,captain,41
25,efb,23
25,first,21
25,officer,19
25,company,17
25,crew,15
25,pilot,13
25,charts,12
25,carrier,10
25,ipads,10
25,paper,9
25,mount,9
25,update,8
25,battery,8
25,new,8
25,reports,8
25,electronic,7
25,tablet,7
25,unable,6
26,rnav,20
26,controller,16
26,departure,9
26,sid,9
26,procedures,8
26,regarding,6
26,new,6
26,described,5
26,voiced,5
26,concern,5
26,departures,4
26,assigned,4
26,event,4
26,claiming,3
26,sids,3
26,two,2
26,pilot,2
26,confused,2
26,departing,2
26,suggested,2
27,captain,22
27,training,21
27,first,16
27,officer,15
27,new,13
27,carrier,11
27,company,10
27,lack,7
27,procedures,6
27,due,6
27,checklist,5
27,changes,5
27,pilot,4
27,flying,4
27,concern,4
27,covid-19,4
27,reports,3
27,inadequate,3
27,order,3
27,also,3
28,dispatcher,67
28,dispatch,38
28,carrier,32
28,crew,20
28,captain,17
28,new,15
28,due,15
28,computer,14
28,company,14
28,release,14
28,communication,13
28,flights,13
28,without,13
28,software,13
28,air,12
28,one,12
28,planning,11
28,control,10
28,workload,10
28,required,9
29,hydraulic,55
29,system,41
29,green,39
29,crew,30
29,loss,29
29,emergency,15
29,declared,15
29,a320,11
29,first,11
29,officer,11
29,fluid,11
29,captain,10
29,yellow,10
29,landing,9
29,failure,9
29,ecam,9
29,landed,8
29,low,8
29,departure,8
29,experiences,7
30,hydraulic,203
30,system,130
30,crew,82
30,loss,77
30,captain,53
30,emergency,51
30,landing,49
30,declared,43
30,airport,35
30,failure,34
30,pump,31
30,fluid,31
30,departure,29
30,left,27
30,first,26
30,pressure,25
30,officer,25
30,quantity,24
30,gear,23
30,low,23
31,runway,26
31,crew,23
31,ice,21
31,snow,20
31,taxiway,15
31,captain,11
31,braking,11
31,due,10
31,icy,9
31,pilot,9
31,taxiing,9
31,ramp,9
31,control,9
31,landing,8
31,resulted,7
31,slid,7
31,first,6
31,officer,6
31,taxi,6
31,surface,6
32,oxygen,127
32,crew,81
32,mask,38
32,bottle,37
32,captain,29
32,maintenance,23
32,valve,23
32,pressure,19
32,first,18
32,masks,18
32,o2,18
32,found,16
32,officer,14
32,system,13
32,technician,11
32,bottles,10
32,reports,10
32,passenger,10
32,handle,9
32,attendant,9
33,crew,241
33,cabin,229
33,pressurization,211
33,bleed,142
33,captain,132
33,loss,118
33,emergency,116
33,departure,108
33,descent,100
33,altitude,94
33,pack,83
33,pressure,72
33,airport,58
33,air,56
33,engine,55
33,warning,54
33,first,54
33,officer,53
33,declared,52
33,return,46
34,captain,21
34,cabin,18
34,air,17
34,temperatures,14
34,apu,12
34,inoperative,12
34,ground,11
34,conditioning,10
34,high,10
34,cooling,9
34,crew,9
34,temperature,9
34,hot,8
34,maintenance,8
34,equipment,7
34,attendant,6
34,reports,6
34,due,6
34,system,6
34,extreme,5
35,door,28
35,light,12
35,captain,12
35,crew,11
35,returned,10
35,warning,9
35,departure,9
35,emergency,7
35,seal,7
35,noise,6
35,pilot,6
35,cabin,5
35,takeoff,5
35,cockpit,5
35,return,4
35,illuminated,4
35,reports,4
35,air,4
35,resulting,4
35,departed,3
36,ecam,98
36,crew,50
36,captain,26
36,message,26
36,alerted,25
36,landing,25
36,departure,21
36,takeoff,21
36,gear,21
36,1,20
36,a320,19
36,engine,17
36,eng,17
36,a319,16
36,returned,15
36,fault,14
36,approach,13
36,2,13
36,maintenance,13
36,emergency,13
37,crew,16
37,captain,15
37,weather,15
37,carrier,14
37,volcanic,10
37,ash,10
37,pilot,8
37,atc,7
37,dispatcher,7
37,airport,7
37,air,6
37,due,6
37,route,6
37,dispatch,5
37,new,5
37,officer,5
37,terrain,5
37,high,5
37,first,4
37,departing,4
38,fuel,132
38,captain,57
38,crew,40
38,minimum,32
38,weather,27
38,low,23
38,carrier,22
38,destination,21
38,due,18
38,airport,17
38,required,17
38,landing,17
38,atc,16
38,first,14
38,officer,13
38,alternate,13
38,less,13
38,arrival,13
38,planned,13
38,dispatch,13
39,without,17
39,crew,16
39,landing,16
39,carrier,10
39,clearance,6
39,due,6
39,lack,5
39,flying,5
39,captain,4
39,fatigue,4
39,approach,3
39,landed,3
39,clearance.,3
39,incorrect,3
39,deviation,3
39,altitude,3
39,recent,3
39,covid-19,3
39,contributing,3
39,clearance.air,3
40,call,30
40,similar,29
40,sounding,21
40,controller,16
40,signs,15
40,company,11
40,carrier,11
40,sign,10
40,digit,10
40,concern,10
40,regarding,10
40,confused,9
40,four,9
40,described,8
40,voiced,8
40,air,8
40,time,7
40,captain,6
40,unsafe,6
40,event,5
41,bird,79
41,crew,63
41,strike,48
41,engine,42
41,takeoff,37
41,departure,31
41,damage,23
41,captain,20
41,returned,19
41,right,18
41,airport,14
41,return,13
41,resulted,13
41,struck,12
41,left,12
41,carrier,11
41,maintenance,11
41,multiple,11
41,strikes,11
41,landing,10
42,database,13
42,carrier,10
42,captain,10
42,crew,6
42,first,6
42,charts,6
42,new,5
42,navigation,5
42,officer,5
42,maintenance,3
42,pilot,3
42,discrepancy,2
42,fmc,2
42,may,2
42,reports,2
42,date,2
42,engine,2
42,fms,2
42,jeppesen,2
42,installed,2
43,autopilot,21
43,thrust,12
43,pilot,9
43,captain,9
43,crew,8
43,auto,8
43,control,6
43,approach,6
43,airspeed,5
43,trim,5
43,failure,5
43,speed,4
43,flying,4
43,pitch,3
43,engaged,3
43,atc,3
43,experienced,3
43,resulted,3
43,carrier,3
43,experiences,2
44,runway,95
44,lights,64
44,pilot,33
44,captain,32
44,lighting,27
44,night,22
44,carrier,21
44,crew,20
44,airport,19
44,landing,17
44,approach,16
44,bright,16
44,takeoff,12
44,light,12
44,tower,11
44,first,10
44,reports,10
44,visual,10
44,red,9
44,without,8
45,crew,13
45,autothrottles,12
45,autopilot,12
45,autothrottle,10
45,speed,9
45,captain,8
45,system,6
45,pilot,5
45,autothrust,4
45,mach,3
45,disengaged,3
45,causing,3
45,thrust,3
45,turn,3
45,reports,3
45,low,3
45,pitch,3
45,failed,3
45,malfunction,3
45,b777,2
46,tire,29
46,crew,25
46,gear,21
46,main,19
46,takeoff,19
46,failure,14
46,landing,13
46,tires,10
46,blown,9
46,two,8
46,left,7
46,right,6
46,failed,6
46,takeoff.,6
46,vibration,6
46,pilot,6
46,captain,6
46,rejected,5
46,reports,5
46,due,5
47,pilot,552
47,landing,459
47,runway,334
47,control,264
47,instructor,189
47,gear,168
47,student,159
47,loss,132
47,resulting,123
47,excursion,101
47,damage,95
47,resulted,86
47,nose,83
47,directional,81
47,right,77
47,brake,72
47,ground,67
47,left,64
47,lost,62
47,due,59
48,gear,427
48,landing,212
48,nose,105
48,crew,90
48,captain,60
48,failed,54
48,retract,49
48,pilot,48
48,main,45
48,emergency,40
48,extend,36
48,departure,36
48,landed,35
48,failure,32
48,indication,32
48,extension,32
48,light,32
48,reports,31
48,airport,26
48,qrh,25
49,attendant,73
49,mask,60
49,face,49
49,passenger,48
49,wearing,44
49,covid-19,33
49,wear,28
49,masks,25
49,carrier,22
49,passengers,19
49,captain,17
49,flight.flight,13
49,use,11
49,protective,10
49,pilot,10
49,refused,10
49,attendants,10
49,comply,9
49,concerns,8
49,two,8
50,attendant,9
50,cleaning,8
50,carrier,7
50,crew,6
50,supplies,6
50,captain,5
50,covid-19,5
50,clean,3
50,pilot,3
50,company,3
50,cleaners,3
50,personal,3
50,equipment,3
50,sanitizing,3
50,provided,3
50,inadequate,2
50,agent,2
50,galley,2
50,ground,2
50,sink,2
51,slide,31
51,door,18
51,maintenance,14
51,overwing,7
51,escape,7
51,line,6
51,reports,6
51,inspector,5
51,mechanic,5
51,replaced,5
51,installed,5
51,technician,5
51,mechanics,4
51,report,4
51,emergency,4
51,pack,4
51,aft,4
51,deployed,4
51,right,4
51,forward,4
52,passenger,44
52,captain,35
52,medical,27
52,attendant,25
52,ill,20
52,crew,19
52,carrier,19
52,first,15
52,officer,15
52,emergency,12
52,became,9
52,illness,9
52,pilot,9
52,covid-19,9
52,diversion,8
52,due,8
52,resulted,8
52,removed,7
52,attendants,7
52,another,6
53,door,116
53,attendant,74
53,slide,36
53,cabin,35
53,captain,28
53,crew,21
53,maintenance,19
53,open,19
53,cockpit,15
53,doors,13
53,opened,12
53,gate,12
53,opening,12
53,passenger,12
53,entry,11
53,main,11
53,first,11
53,closed,11
53,inadvertent,11
53,officer,10
54,attendant,182
54,passenger,93
54,captain,37
54,seat,36
54,passengers,32
54,attendants,31
54,cabin,27
54,company,26
54,crew,25
54,boarding,25
54,carrier,22
54,due,21
54,safety,20
54,row,20
54,service,19
54,gate,19
54,exit,19
54,security,18
54,social,18
54,first,15
55,engine,460
55,pilot,397
55,fuel,233
55,power,157
55,landing,147
55,loss,111
55,failure,104
55,instructor,79
55,airport,76
55,due,65
55,resulting,56
55,landed,56
55,tank,46
55,experienced,44
55,emergency,43
55,takeoff,42
55,resulted,41
55,failed,37
55,reports,36
55,experiences,35
56,engine,34
56,start,16
56,crew,14
56,apu,14
56,captain,13
56,first,10
56,shut,9
56,gate,9
56,right,9
56,officer,9
56,number,8
56,maintenance,7
56,ground,7
56,started,6
56,taxi,6
56,personnel,5
56,fuel,4
56,left,4
56,shutdown,4
56,#1,4
57,fire,128
57,engine,97
57,crew,61
57,warning,45
57,captain,29
57,emergency,23
57,returned,22
57,cargo,22
57,departure,22
57,airport,15
57,declared,15
57,first,14
57,shut,14
57,officer,13
57,number,13
57,pilot,12
57,left,12
57,diverted,12
57,smoke,11
57,start,10
58,electrical,103
58,pilot,79
58,failure,48
58,loss,35
58,landing,34
58,power,32
58,alternator,19
58,gear,18
58,airport,17
58,total,15
58,system,15
58,resulting,14
58,departure,12
58,complete,11
58,resulted,11
58,experiencing,11
58,experiences,10
58,crew,10
58,captain,10
58,due,10
59,generator,43
59,apu,30
59,crew,24
59,captain,19
59,failure,16
59,engine,16
59,electrical,14
59,departure,13
59,power,13
59,returned,12
59,left,10
59,failed,10
59,ac,10
59,airport,9
59,bus,9
59,generators,7
59,right,7
59,single,7
59,experienced,7
59,first,7
60,departure,18
60,crew,15
60,qrh,13
60,emergency,13
60,tail,12
60,temp,11
60,returned,11
60,declared,11
60,engine,10
60,airport,9
60,light,9
60,warning,8
60,high,8
60,comp,7
60,climb,6
60,illuminated,6
60,captain,6
60,compartment,5
60,master,5
60,climbing,5
61,trim,187
61,crew,74
61,captain,63
61,pitch,52
61,departure,40
61,control,37
61,stabilizer,37
61,rudder,30
61,first,30
61,elevator,29
61,pilot,28
61,officer,27
61,autopilot,25
61,returned,25
61,airport,24
61,failure,24
61,return,23
61,emergency,22
61,electric,20
61,system,17
62,airspeed,25
62,pitot,22
62,crew,14
62,system,11
62,static,9
62,altitude,9
62,captain,8
62,indications,7
62,unreliable,7
62,returned,7
62,ice,7
62,normal,6
62,failure,6
62,due,6
62,indication,5
62,data,5
62,experiences,5
62,first,5
62,pitot-static,5
62,pilot,5
63,gear,37
63,nose,17
63,pin,8
63,reports,7
63,crew,6
63,landing,6
63,maintenance,5
63,handle,5
63,mechanic,5
63,takeoff,5
63,captain,4
63,previous,4
63,removed,4
63,return,4
63,lock,4
63,still,4
63,technician,3
63,switch,3
63,right,3
63,main,3
64,maintenance,688
64,technician,255
64,mechanic,223
64,reports,207
64,captain,203
64,engine,194
64,mel,158
64,line,157
64,crew,110
64,found,92
64,due,86
64,installed,84
64,required,82
64,incorrect,80
64,fuel,79
64,gear,78
64,inspection,77
64,control,76
64,(amt),74
64,company,72
65,crew,94
65,captain,60
65,first,60
65,failure,41
65,airspeed,37
65,officer,36
65,captain's,36
65,air,32
65,data,32
65,takeoff,31
65,loss,30
65,computer,28
65,multiple,26
65,officer's,21
65,departure,21
65,system,21
65,returned,20
65,airport,15
65,failed,15
65,resulting,14
66,takeoff,231
66,rejected,131
66,crew,121
66,captain,87
66,eicas,46
66,warning,46
66,due,42
66,engine,41
66,rejecting,34
66,officer,31
66,first,30
66,returned,30
66,kts,27
66,maintenance,26
66,message,21
66,gate,21
66,light,19
66,speed,19
66,right,18
66,caution,18
67,fuel,36
67,leak,12
67,crew,11
67,wing,10
67,right,8
67,departure,6
67,airport,6
67,captain,5
67,vent,4
67,pilot,4
67,passenger,3
67,venting,3
67,spill,3
67,returned,3
67,first,3
67,officer,3
67,noticed,2
67,informed,2
67,maintenance,2
67,fueling,2
68,fuel,217
68,crew,74
68,captain,46
68,tank,40
68,imbalance,39
68,center,20
68,left,19
68,quantity,18
68,system,15
68,leak,15
68,wing,15
68,first,13
68,departure,12
68,mel,11
68,officer,11
68,valve,10
68,crossfeed,10
68,resulted,10
68,resulting,10
68,engine,10
69,filter,13
69,crew,11
69,engine,10
69,eicas,7
69,oil,7
69,light,7
69,declared,6
69,emergency,6
69,airport,6
69,shut,6
69,bypass,6
69,diverted,5
69,fuel,5
69,message,5
69,right,4
69,illuminated,4
69,captain,4
69,l,4
69,nearest,4
69,suitable,4
70,oil,271
70,engine,195
70,pressure,110
70,crew,83
70,loss,63
70,shut,51
70,departure,50
70,quantity,45
70,airport,42
70,diverted,42
70,pilot,42
70,captain,41
70,emergency,40
70,low,35
70,temperature,35
70,suitable,28
70,high,28
70,declared,28
70,shutdown,26
70,left,25
71,vibration,50
71,crew,41
71,captain,24
71,engine,22
71,departure,19
71,maintenance,16
71,loud,13
71,returned,12
71,airport,11
71,landing,10
71,noise,9
71,right,9
71,vibrations,8
71,control,8
71,return,7
71,declared,7
71,emergency,7
71,developed,6
71,diverted,6
71,climbing,6
72,engine,50
72,compressor,43
72,crew,33
72,departure,22
72,stall,21
72,stalls,16
72,declared,16
72,returned,16
72,emergency,15
72,right,13
72,number,12
72,airport,12
72,captain,11
72,left,9
72,takeoff,9
72,experienced,8
72,experiencing,8
72,landing,7
72,diverted,7
72,vibration,6
73,engine,22
73,inflight,17
73,shutdown,11
73,crew,8
73,landing,4
73,officer,4
73,causing,4
73,captain,3
73,#2,3
73,diversion,3
73,failure,3
73,precautionary,3
73,shutdown;,3
73,uncommanded,3
73,resulting,2
73,following,2
73,shut,2
73,first,2
73,#1,2
73,caused,2
74,engine,118
74,crew,62
74,departure,52
74,emergency,34
74,failure,32
74,returned,32
74,airport,25
74,declared,25
74,airport.a,19
74,captain,19
74,left,19
74,high,17
74,right,17
74,shut,15
74,diverted,14
74,egt,14
74,number,13
74,failed,13
74,shortly,12
74,experienced,12
75,jet,22
75,bridge,19
75,gate,11
75,agent,11
75,door,8
75,personnel,7
75,captain,6
75,ramp,6
75,crew,6
75,jetbridge,5
75,stop,4
75,damage,4
75,maintenance,4
75,jetway,3
75,leaving,3
75,gap,3
75,child,3
75,fall,3
75,operating,3
75,operator,3
76,takeoff,22
76,runway,20
76,crew,16
76,rejected,14
76,due,9
76,captain,7
76,cleared,5
76,carrier,5
76,pilot,4
76,departure,4
76,reports,3
76,atc,3
76,raas,3
76,tower,3
76,warning,3
76,delay,3
76,mixture,3
76,departing,3
76,speed,3
76,resulted,3
77,pilot,74
77,vfr,44
77,imc,16
77,airport,16
77,conditions,13
77,atc,11
77,cloud,11
77,airspace,11
77,flying,11
77,weather,10
77,entering,9
77,class,9
77,ifr,8
77,clouds,8
77,encountered,7
77,enroute,7
77,fuel,7
77,instructor,7
77,destination,6
77,low,6
78,pilot,47
78,tfr,47
78,reports,15
78,atc,11
78,near,9
78,vfr,8
78,tower,8
78,inadvertently,7
78,class,7
78,prior,7
78,entered,6
78,sporting,6
78,helicopter,6
78,briefing,6
78,ipad,6
78,advised,5
78,notam,5
78,show,5
78,discovering,5
78,faa,5
79,pilot,35
79,ctaf,28
79,frequency,18
79,landing,15
79,radio,13
79,runway,11
79,traffic,9
79,airport,8
79,ground,8
79,pattern,7
79,incorrect,7
79,reports,6
79,conflict,6
79,tower,6
79,near,6
79,landed,5
79,another,4
79,position,4
79,avoid,4
79,later,4
80,pilot,37
80,atc,34
80,crew,28
80,frequency,25
80,approach,23
80,communications,23
80,runway,22
80,communication,17
80,radio,14
80,captain,14
80,carrier,14
80,lost,12
80,due,10
80,airport,9
80,clearance,9
80,contact,8
80,cleared,8
80,landing,8
80,loss,8
80,tower,8
81,tower,48
81,pilot,35
81,without,11
81,runway,10
81,controller,10
81,captain,10
81,carrier,10
81,due,9
81,radio,9
81,contact,8
81,airport,8
81,reports,8
81,landing,7
81,crew,7
81,closed,7
81,traffic,6
81,tower.,6
81,atc,6
81,approach,6
81,frequency,6
82,tcas,183
82,ra,143
82,crew,100
82,traffic,94
82,atc,67
82,captain,63
82,feet,58
82,officer,51
82,first,48
82,climb,46
82,carrier,44
82,ft,44
82,evasive,43
82,approach,43
82,vfr,35
82,action,31
82,climbing,29
82,air,26
82,arrival,24
82,conflict,24
83,altimeter,25
83,altitude,21
83,setting,16
83,atc,15
83,crew,12
83,feet,11
83,captain,10
83,first,10
83,officer,10
83,approach,9
83,atis,8
83,assigned,8
83,ft,7
83,reports,6
83,resulted,6
83,pilot,6
83,digital,5
83,incorrect,5
83,flying,5
83,set,5
84,approach,20
84,visual,19
84,runway,11
84,crew,10
84,ra,7
84,carrier,7
84,parallel,6
84,sfo,5
84,tcas,5
84,approaches,5
84,28l,3
84,traffic,3
84,28r,3
84,captain,3
84,final,3
84,landing,3
84,b777,2
84,b757,2
84,slightly,2
84,course,2
85,nmac,15
85,captain,9
85,arrival,5
85,first,3
85,officer,3
85,approach,3
85,departure,2
85,event,2
85,crew,1
85,light,1
85,single,1
85,suu.emb-135,1
85,vicinity,1
85,fwn,1
85,4n1,1
85,airports,1
85,teb.g-iv,1
85,teb.hs125,1
85,ryy.emb-175,1
85,iah,1
86,pilot,14
86,evasive,10
86,avoid,9
86,action,7
86,taking,7
86,near,6
86,airspace,5
86,collision,5
86,traffic,4
86,class,3
86,mid,3
86,air,3
86,instructor,2
86,b,2
86,another,2
86,engine,2
86,action.ga,2
86,midair,2
86,captain,2
86,sr22,1
87,helicopter,27
87,pilot,25
87,near,9
87,reports,9
87,nmac,7
87,conflict,6
87,another,5
87,collision,5
87,instructor,5
87,taxiing,5
87,evasive,4
87,action,4
87,rotor,4
87,air,4
87,miss,3
87,turn,3
87,feet,3
87,ramp,3
87,two,3
87,landing,3
88,pilot,53
88,instructor,43
88,near,35
88,another,29
88,conflict,17
88,collision,17
88,student,16
88,landing,13
88,miss,12
88,airborne,12
88,traffic,11
88,airport,10
88,flying,10
88,small,10
88,pattern,9
88,training,9
88,runway,7
88,approach,7
88,opposite,7
88,evasive,7
89,pilot,39
89,runway,27
89,landing,26
89,ground,18
89,conflict,18
89,opposite,17
89,airport,12
89,takeoff,10
89,direction,10
89,instructor,9
89,another,8
89,air,7
89,non-towered,7
89,landed,7
89,traffic,6
89,critical,6
89,towered,6
89,resulting,5
89,departing,5
89,collision,5
90,nmac,14
90,pilot,10
90,traffic,10
90,instructor,5
90,pattern,4
90,atc,2
90,two,1
90,instructors,1
90,working,1
90,together,1
90,approach,1
90,dab.,1
90,reporters,1
90,critical,1
90,handling.be33,1
90,reports,1
90,pdk.pa32,1
90,cessna,1
90,172,1
90,simultaneous,1
91,nmac,283
91,pilot,218
91,instructor,77
91,pattern,68
91,another,62
91,light,39
91,traffic,38
91,approach,30
91,departing,28
91,non-towered,25
91,helicopter,24
91,event,24
91,landing,22
91,student,21
91,vicinity,18
91,airport,17
91,final,16
91,reports,14
91,atc,13
91,departure,12
92,approach,22
92,runway,12
92,crew,11
92,visual,10
92,captain,7
92,atc,6
92,localizer,5
92,first,5
92,carrier,5
92,altitude,4
92,go,4
92,officer,4
92,landing,4
92,ils,3
92,final,3
92,turned,3
92,around,3
92,lga,3
92,described,3
92,resulted,3
93,approach,23
93,crew,22
93,rnav,22
93,cleared,14
93,runway,9
93,atc,9
93,visual,8
93,arrival,6
93,transition,6
93,procedure,5
93,fmc,5
93,fly,5
93,controller,4
93,vectors,4
93,departure,4
93,crossing,4
93,altitude,4
93,clearance,4
93,ils,4
93,north,4
94,crew,15
94,atc,12
94,approach,11
94,runway,9
94,captain,8
94,officer,8
94,carrier,8
94,workload,7
94,arrival,7
94,change,6
94,first,6
94,fms,6
94,departure,5
94,late,5
94,track,5
94,atl,4
94,changes,4
94,airport,4
94,increased,4
94,pilot,4
95,crew,274
95,track,205
95,deviation,182
95,captain,153
95,atc,130
95,runway,108
95,departure,92
95,first,92
95,fmc,91
95,fms,83
95,officer,83
95,arrival,77
95,carrier,74
95,clearance,70
95,rnav,64
95,route,61
95,heading,59
95,cleared,58
95,pilot,55
95,waypoint,55
96,approach,13
96,pilot,8
96,runway,7
96,captain,6
96,carrier,5
96,ifr,4
96,atc,4
96,go-around,4
96,navigation,3
96,altitude,3
96,due,3
96,ils,3
96,lga,3
96,experienced,2
96,gps,2
96,31,2
96,became,2
96,malke,2
96,passenger,2
96,subsequent,2
97,approach,12
97,first,11
97,officer,10
97,captain,10
97,pitch,6
97,altitude,4
97,control,4
97,caused,4
97,ft,3
97,loss,3
97,crew,3
97,visual,2
97,aircraft;,2
97,airspeed,2
97,pilot,2
97,gain,2
97,recovered,2
97,complete,2
97,successful,2
97,imc,2
98,runway,46
98,closed,21
98,pilot,17
98,landing,12
98,airport,8
98,crew,7
98,notam,6
98,closure,6
98,reports,4
98,x,4
98,end,4
98,notamed,4
98,air,4
98,carrier,4
98,one,4
98,landed,3
98,see,3
98,noticed,3
98,yellow,3
98,time,3
99,approach,16
99,captain,9
99,first,8
99,officer,8
99,runway,7
99,carrier,6
99,unstabilized,5
99,final,5
99,missed,4
99,ils,4
99,turn,3
99,pilot,3
99,flying,3
99,resulting,3
99,atc,3
99,b737,2
99,crew,2
99,visual,2
99,lines,2
99,wrong,2
100,altitude,15
100,captain,15
100,atc,14
100,crew,14
100,clearance,11
100,sid,7
100,carrier,6
100,5;000,6
100,cleared,6
100,assigned,6
100,via',6
100,officer,6
100,'climb,6
100,climb,6
100,confusion,5
100,departure,5
100,arrival,4
100,feet,4
100,first,4
100,via,4
101,altitude,23
101,captain,16
101,crew,16
101,atc,15
101,carrier,13
101,class,13
101,b,13
101,approach,12
101,pilot,9
101,speed,9
101,clearance,9
101,air,8
101,airspace,7
101,200,7
101,arrival,6
101,published,6
101,first,6
101,officer,6
101,sjc,5
101,descent,5
102,crew,258
102,crossing,247
102,rnav,241
102,restriction,177
102,star,164
102,altitude,150
102,captain,131
102,arrival,120
102,atc,112
102,comply,92
102,descent,83
102,speed,75
102,ft,73
102,cleared,68
102,failed,67
102,restrictions,56
102,via,53
102,first,47
102,vnav,46
102,reports,44
103,altitude,18
103,alert,16
103,atc,14
103,low,13
103,approach,8
103,receiving,8
103,crew,6
103,captain,6
103,descended,3
103,descent,3
103,carrier,3
103,visual,3
103,getting,2
103,charted,2
103,due,2
103,clearance,2
103,taxi,2
103,first,2
103,officer,2
103,night,2
104,approach,215
104,terrain,207
104,warning,192
104,crew,155
104,gpws,146
104,visual,125
104,receiving,113
104,alert,90
104,captain,85
104,egpws,77
104,runway,76
104,carrier,75
104,officer,60
104,night,59
104,first,58
104,altitude,46
104,received,43
104,air,33
104,atc,28
104,descending,27
105,approach,36
105,first,33
105,captain,32
105,officer,30
105,unstabilized,25
105,crew,15
105,go-around,11
105,carrier,10
105,due,9
105,landing,8
105,unstable,8
105,flying,7
105,low,6
105,resulted,6
105,resulting,6
105,altitude,5
105,final,5
105,ils,5
105,atc,5
105,executed,4
106,approach,52
106,glideslope,50
106,crew,36
106,ils,36
106,altitude,32
106,pilot,25
106,runway,24
106,first,24
106,autopilot,23
106,officer,23
106,glide,21
106,low,20
106,carrier,18
106,captain,18
106,slope,18
106,localizer,15
106,descending,12
106,visual,12
106,alert,11
106,descended,10
107,parking,22
107,brake,19
107,crew,12
107,captain,10
107,set,9
107,gate,8
107,first,6
107,brakes,6
107,failed,6
107,forward,5
107,failure,5
107,officer,5
107,roll,5
107,ramp,4
107,properly,3
107,engine,3
107,several,3
107,rolled,3
107,began,3
107,wheel,3
108,crew,38
108,pushback,26
108,ground,26
108,captain,25
108,ramp,9
108,carrier,9
108,communication,8
108,back,7
108,sop,6
108,officer,6
108,push,5
108,pushback;,5
108,resulting,5
108,personnel,4
108,forward,4
108,without,4
108,critical,4
108,hand,3
108,nose,3
108,pushed,3
109,captain,41
109,gate,39
109,crew,23
109,parking,19
109,stop,15
109,ground,14
109,ramp,14
109,wing,13
109,carrier,13
109,personnel,10
109,tug,10
109,reports,9
109,taxiing,9
109,system,8
109,air,8
109,taxi,8
109,line,8
109,first,7
109,another,7
109,officer,6
110,tug,50
110,tow,43
110,crew,41
110,pushback,36
110,captain,32
110,bar,27
110,driver,24
110,ground,19
110,push,16
110,back,15
110,brakes,12
110,nose,11
110,brake,11
110,disconnected,10
110,resulted,9
110,failed,9
110,set,9
110,rolled,8
110,communication,7
110,ramp,7
111,controller,46
111,runway,37
111,cleared,32
111,takeoff,21
111,tower,18
111,another,14
111,short,12
111,local,12
111,runway.,11
111,hold,11
111,vehicle,11
111,departing,9
111,cross,8
111,pilot,7
111,clearing,6
111,ground,6
111,around,6
111,taxiing,6
111,arrival,5
111,final,5
112,runway,22
112,takeoff,17
112,cleared,16
112,tower,13
112,crew,11
112,pilot,10
112,another,9
112,short,7
112,clear,6
112,line,6
112,runway.,5
112,instructed,5
112,cross,5
112,wait,5
112,departing,5
112,captain,5
112,first,4
112,officer,4
112,landing,4
112,conflict,4
113,runway,13
113,crew,8
113,final,7
113,short,7
113,cleared,7
113,pilot,5
113,takeoff,5
113,hold,3
113,line,3
113,reports,3
113,tower,3
113,intersection,3
113,landing,2
113,approach,2
113,go-around,2
113,incursion,2
113,clear,2
113,parallel,2
113,taxiway,2
113,conflict,2
114,captain,46
114,crew,35
114,collision,34
114,ground,32
114,truck,23
114,avoid,23
114,near,21
114,stop,21
114,taxiing,21
114,carrier,19
114,taxi,17
114,conflict,15
114,another,15
114,taxiway,12
114,reports,11
114,ramp,10
114,vehicle,10
114,gate,9
114,abrupt,9
114,high,8
115,taxiway,419
115,runway,323
115,taxi,204
115,captain,169
115,crew,160
115,carrier,137
115,hold,135
115,airport,109
115,short,102
115,pilot,96
115,ramp,67
115,incursion,67
115,signage,63
115,taxiing,61
115,line,60
115,cleared,59
115,ground,59
115,officer,58
115,reports,57
115,first,57
116,controller,49
116,described,34
116,event,26
116,loss,15
116,separation,15
116,emergency,11
116,descent,9
116,regarding,9
116,traffic,9
116,atc,7
116,noting,6
116,concern,6
116,coordination,6
116,resulted,5
116,involving,5
116,resulting,5
116,provided,5
116,altitude,5
116,enroute,4
116,weather,4
117,controller,181
117,runway,133
117,tower,63
117,local,53
117,traffic,50
117,described,45
117,event,35
117,landing,34
117,ground,25
117,conflict,23
117,around,23
117,incursion,22
117,departure,22
117,go,22
117,airport,19
117,due,18
117,arrival,18
117,control,17
117,takeoff,17
117,short,16
118,controller,104
118,minimum,83
118,vectoring,71
118,altitude,56
118,tracon,43
118,descended,31
118,assigned,28
118,ifr,26
118,flew,23
118,altitude.a,16
118,center,15
118,approach,15
118,issued,14
118,altitude.tracon,11
118,descending,10
118,mva,8
118,trainee,8
118,departure,7
118,higher,7
118,pilot,7
119,controller,761
119,separation,272
119,described,225
119,event,211
119,loss,202
119,tracon,194
119,tower,172
119,traffic,131
119,conflict,104
119,approach,95
119,departure,93
119,due,87
119,vfr,86
119,final,66
119,local,65
119,arrival,64
119,ifr,63
119,two,61
119,controllers,59
119,airspace,52
120,radar,42
120,controller,40
120,regarding,12
120,concern,11
120,voiced,10
120,maintenance,9
120,described,9
120,targets,8
120,noting,7
120,traffic,6
120,display,6
120,tracon,5
120,indicating,5
120,equipment,5
120,stars,5
120,target,5
120,failure,5
120,flm,5
120,using,4
120,jumping,4
121,controller,740
121,described,206
121,airspace,152
121,event,145
121,traffic,121
121,separation,115
121,loss,103
121,center,89
121,weather,82
121,controllers,81
121,sector,76
121,due,72
121,altitude,70
121,regarding,70
121,reports,69
121,another,58
121,two,57
121,conflict,56
121,concern,53
121,information,49
122,controller,27
122,airspace,12
122,center,9
122,another,5
122,due,5
122,high,4
122,point,4
122,working,4
122,one,4
122,altitude,4
122,sector,4
122,coordination,3
122,d01,3
122,different,3
122,sectors,3
122,three,3
122,two,3
122,adjacent,3
122,described,3
122,event,3
